track_id,artist,artist_title,track,track_title
1071257377,skrrtcord,SKRRTCORD,love-feat-sphere-merchants-ko-zhone-prod-autoblush-omarevz-ko-zhone,LOVE (FEAT. SPHERE MERCHANTS, KØ & ZHONE) // (PROD. AUTOBLUSH, OMAREVZ, KØ & ZHONE)
915067819,sglily,@sglilyy,let-me-go,Let Me Go (+ Kidtrash)
1028860690,brianx-018,BrianX,brianx-018/pissy-pamper,Pissy pamper
1122427504,shigecki,shigecki,stars-r-blind-wet-dream-remix,staRs r bLind (wet dream remix)
264537168,magsbeats,MAGS,mybooedit,my b00 (mag$ body roll edit)
1086800347,emma_etc,emma etc,security07112021-42-127x,security07112021-4.2-1.27x
942426532,elf_z,｡*.☆ELFZ☆.*｡,e-v-r-y-t-h-i-n-g-i-w-n-t-e-d,.・゜2 anyone who might care゜・．
985408600,plnt99,Planet 1999,touch-my-body-silence-debut-fin-live-at-pop-carol,Touch My Body (Live at Pop Carol)
976949422,skreetghost,skreetghost,velvet-glue-rit,velvet glue (rit)
823125895,i9u,<<##33,monkee,i9bonsai - funee monkee gif [reup]
851298181,archoninfinity,A R C H O N I N F I N I T Y,archoninfinity-abyss,abyss
725843302,duke-deuce-live,Duke Deuce,crunk-aint-dead,CRUNK AIN'T DEAD
857089711,kiddiegoggles,Kiddiegoggles,party4u-kiddiegoggles-remix,party4u[kiddiegoggles.remix].wav